variable,mean,std
lat,39.949427,4.182431
lon,-96.920133,16.651526
area_sqkm,474.2365,510.592316
LWDOWN,302.84995,65.58242
PSFC,94364.266,8891.513
Q2D,0.006817294,0.004297631
RAINRATE,4.67E-05,0.00022482131
SWDOWN,182.7724,253.21057
T2D,283.25012,10.967861
U2D,1.0540344,3.040779
V2D,0.7839034,3.262279
obs,9.174726,25.801239
