,mean,std
area_sqkm,474.2365,510.592316
lat,39.949427,4.182431
lon,-96.920133,16.651526
LWDOWN,302.85,65.58242
PSFC,94364.266,8891.514
Q2D,0.006817295,0.00429763
RAINRATE,4.67E-05,0.000224821
SWDOWN,182.7724,253.21062
T2D,283.25006,10.96786
U2D,1.0540345,3.0407786
V2D,0.7839038,3.2622793
obs,9.174725,25.801247
