{"mean": {"dyn_input": [0.13608910143375397, 11.720169067382812, 0.12571562826633453], "dyn_input_daily": [3.266139268875122, 11.720168113708496, 3.017174243927002], "target": 0.07429325580596924, "static_input": [1.1488596200942993, 1181.5689697265625, 1124.1300048828125, 0.5716232061386108, 0.0038775885477662086, 6.893726825714111, 40.9024658203125, 22.511974334716797, 36.61107635498047, 0.0007918655755929649, 31.327177047729492, 9.57567024230957, 32.5163459777832, 36.184471130371094, 623.9735107421875, 11.161320686340332, 0.0009504620684310794, -13.938802719116211, 0.29957282543182373, 0.514278769493103, 0.11746364086866379, 0.09380249679088593, 22.275423049926758, 8.846905708312988, 45.55731201171875, 32.09611511230469, 0.13298551738262177, 8.39111190858635], "rout_static_input": [1.1843785047531128, 0.5764117240905762, 0.005432260688394308, 6.766408920288086, 40.85841369628906, 22.58586311340332, 36.58191680908203, 0.00028538593323901296, 31.31800079345703, 9.520462989807129, 32.568546295166016, 36.12362289428711, 556.02197265625, 0.0006860327557660639, -13.92790699005127, 0.1081622913479805, 22.211111068725586, 8.750741958618164, 45.6633415222168, 31.981218338012695, 0.1324712336063385, 79.732285, 44.9345703125], "state_input": [95.34319305419922, 2.200085163116455, 377.8872375488281, 5.8130292892456055, 31.497316360473633]}, "std": {"dyn_input": [0.677875280380249, 10.176387786865234, 0.07935376465320587], "dyn_input_daily": [8.779863357543945, 10.176384925842285, 1.9044917821884155], "target": 0.1826450079679489, "static_input": [0.5792752504348755, 555.0679321289062, 234.55624389648438, 0.125800222158432, 0.017211804166436195, 6.1927571296691895, 9.748863220214844, 5.9872145652771, 6.100208282470703, 0.008209865540266037, 9.925055503845215, 5.27572774887085, 16.7189998626709, 10.048477172851562, 648.00732421875, 5.126785755157471, 0.006290090270340443, 1.225991129875183, 0.19015969336032867, 0.11070840805768967, 0.14536011219024658, 0.10829037427902222, 8.957642555236816, 5.688785552978516, 14.504756927490234, 9.299223899841309, 0.07398272305727005, 6.64116179347089], "rout_static_input": [0.6028084754943848, 0.12157255411148071, 0.022376587614417076, 5.921773433685303, 9.372075080871582, 5.7344865798950195, 5.833086967468262, 0.003434739075601101, 9.740903854370117, 5.043620586395264, 16.358951568603516, 9.77673053741455, 585.3818359375, 0.0047526187263429165, 1.195784091949463, 0.13194139301776886, 8.543848037719727, 5.298362731933594, 13.81225872039795, 8.969793319702148, 0.05285590514540672, 60.966217, 28.095306396484375], "state_input": [874.3928833007812, 51.05535125732422, 198.3841094970703, 14.134891510009766, 110.62062072753906]}, "norm_dyn_indexes": [], "use_norm_target": false}